RESOLVED_ENTITY_ID,RELATED_ENTITY_ID,MATCH_LEVEL,MATCH_KEY,DATA_SOURCE,RECORD_ID
1,0,1,+NAME+DOB+PHONE,CUSTOMERS_PQ,1001
1,0,1,+NAME+DOB+ADDRESS+PHONE,CUSTOMERS,1001
1,0,1,,CUSTOMERS,1004
1,0,1,+NAME+DOB+ADDRESS,CUSTOMERS,1002
1,0,1,+NAME+DOB+EMAIL,CUSTOMERS,1003
1,0,1,+NAME+DOB+ADDRESS+PHONE,CUSTOMERS_PQ,1002
1,0,1,+NAME+DOB+ADDRESS+EMAIL,CUSTOMERS_PQ,1004
1,0,1,+NAME+DOB+EMAIL,CUSTOMERS_PQ,1003
1,9,2,+NAME+ADDRESS-DOB,WATCHLIST_PQ,n/a
1,9,2,+NAME+ADDRESS-DOB,WATCHLIST,n/a
1,9,2,+NAME+ADDRESS-DOB,CUSTOMERS,n/a
1,200001,2,+NAME,WATCHLIST_PQ,n/a
1,200001,2,+NAME,WATCHLIST,n/a
1,200004,3,+SURNAME+ADDRESS,WATCHLIST_PQ,n/a
1,200004,3,+SURNAME+ADDRESS,WATCHLIST,n/a
1,400002,1,+NAME+ADDRESS (Ambiguous),CUSTOMERS_PQ,n/a
4,0,1,+NAME+DOB+ADDRESS,CUSTOMERS,1011
4,0,1,+NAME+DOB+ADDRESS+EMAIL,CUSTOMERS_PQ,1009
4,0,1,+NAME+DOB+ADDRESS,WATCHLIST_PQ,1012
4,0,1,+NAME+DOB+ADDRESS,CUSTOMERS,1010
4,0,1,+NAME+DOB+ADDRESS,CUSTOMERS_PQ,1011
4,0,1,+NAME+DOB+ADDRESS,CUSTOMERS_PQ,1010
4,0,1,+NAME+DOB+ADDRESS,WATCHLIST,1012
4,0,1,,CUSTOMERS,1009
4,0,1,+PNAME+DOB+SSN,WATCHLIST,1014
4,0,1,+NAME+DOB+ADDRESS,WATCHLIST_PQ,1014
4,8,3,+SURNAME+ADDRESS-DOB,CUSTOMERS_PQ,n/a
4,8,3,+SURNAME+ADDRESS-DOB,CUSTOMERS,n/a
4,3,3,+SURNAME+ADDRESS-DOB-SSN,CUSTOMERS_PQ,n/a
4,3,3,+SURNAME+ADDRESS-DOB-SSN,CUSTOMERS_PQ,n/a
4,3,3,+SURNAME+ADDRESS-DOB-SSN,CUSTOMERS_PQ,n/a
4,3,3,+SURNAME+ADDRESS-DOB-SSN,CUSTOMERS,n/a
4,3,3,+SURNAME+ADDRESS-DOB-SSN,CUSTOMERS,n/a
4,3,3,+SURNAME+ADDRESS-DOB-SSN,CUSTOMERS,n/a
4,3,3,+SURNAME+ADDRESS-DOB-SSN,CUSTOMERS,n/a
4,7,3,+SURNAME+ADDRESS-DOB-SSN,CUSTOMERS_PQ,n/a
4,7,3,+SURNAME+ADDRESS-DOB-SSN,WATCHLIST,n/a
4,7,3,+SURNAME+ADDRESS-DOB-SSN,CUSTOMERS,n/a
4,500005,3,+ADDRESS,WATCHLIST_PQ,n/a
3,0,1,+NAME+SSN,CUSTOMERS,1017
3,0,1,,CUSTOMERS,1016
3,0,1,+NAME+DOB+PHONE,CUSTOMERS,1018
3,0,1,+NAME+DOB+ADDRESS,CUSTOMERS,1015
3,0,1,+NAME+DOB+ADDRESS,CUSTOMERS_PQ,1016
3,0,1,+NAME+DOB+ADDRESS+PHONE+EMAIL,CUSTOMERS_PQ,1015
3,0,1,+NAME+DOB+PHONE,CUSTOMERS_PQ,1018
3,300009,2,+NAME,CUSTOMERS_PQ,n/a
3,8,3,+PNAME+ADDRESS-DOB,CUSTOMERS_PQ,n/a
3,8,3,+PNAME+ADDRESS-DOB,CUSTOMERS,n/a
3,4,3,+SURNAME+ADDRESS-DOB-SSN,WATCHLIST_PQ,n/a
3,4,3,+SURNAME+ADDRESS-DOB-SSN,WATCHLIST_PQ,n/a
3,4,3,+SURNAME+ADDRESS-DOB-SSN,CUSTOMERS,n/a
3,4,3,+SURNAME+ADDRESS-DOB-SSN,CUSTOMERS_PQ,n/a
3,4,3,+SURNAME+ADDRESS-DOB-SSN,CUSTOMERS_PQ,n/a
3,4,3,+SURNAME+ADDRESS-DOB-SSN,CUSTOMERS_PQ,n/a
3,4,3,+SURNAME+ADDRESS-DOB-SSN,WATCHLIST,n/a
3,4,3,+SURNAME+ADDRESS-DOB-SSN,WATCHLIST,n/a
3,4,3,+SURNAME+ADDRESS-DOB-SSN,CUSTOMERS,n/a
3,4,3,+SURNAME+ADDRESS-DOB-SSN,CUSTOMERS,n/a
3,500005,1,+ADDRESS+EMAIL (Ambiguous),WATCHLIST_PQ,n/a
3,7,3,+SURNAME+ADDRESS-DOB-SSN,CUSTOMERS_PQ,n/a
3,7,3,+SURNAME+ADDRESS-DOB-SSN,WATCHLIST,n/a
3,7,3,+SURNAME+ADDRESS-DOB-SSN,CUSTOMERS,n/a
8,0,1,,CUSTOMERS,1019
8,0,1,+NAME+DOB+ADDRESS,CUSTOMERS_PQ,1019
8,500005,3,+ADDRESS,WATCHLIST_PQ,n/a
8,7,3,+SURNAME+DOB+ADDRESS,CUSTOMERS_PQ,n/a
8,7,3,+SURNAME+DOB+ADDRESS,WATCHLIST,n/a
8,7,3,+SURNAME+DOB+ADDRESS,CUSTOMERS,n/a
8,4,3,+SURNAME+ADDRESS-DOB,WATCHLIST_PQ,n/a
8,4,3,+SURNAME+ADDRESS-DOB,WATCHLIST_PQ,n/a
8,4,3,+SURNAME+ADDRESS-DOB,CUSTOMERS,n/a
8,4,3,+SURNAME+ADDRESS-DOB,CUSTOMERS_PQ,n/a
8,4,3,+SURNAME+ADDRESS-DOB,CUSTOMERS_PQ,n/a
8,4,3,+SURNAME+ADDRESS-DOB,CUSTOMERS_PQ,n/a
8,4,3,+SURNAME+ADDRESS-DOB,WATCHLIST,n/a
8,4,3,+SURNAME+ADDRESS-DOB,WATCHLIST,n/a
8,4,3,+SURNAME+ADDRESS-DOB,CUSTOMERS,n/a
8,4,3,+SURNAME+ADDRESS-DOB,CUSTOMERS,n/a
8,3,3,+PNAME+ADDRESS-DOB,CUSTOMERS_PQ,n/a
8,3,3,+PNAME+ADDRESS-DOB,CUSTOMERS_PQ,n/a
8,3,3,+PNAME+ADDRESS-DOB,CUSTOMERS_PQ,n/a
8,3,3,+PNAME+ADDRESS-DOB,CUSTOMERS,n/a
8,3,3,+PNAME+ADDRESS-DOB,CUSTOMERS,n/a
8,3,3,+PNAME+ADDRESS-DOB,CUSTOMERS,n/a
8,3,3,+PNAME+ADDRESS-DOB,CUSTOMERS,n/a
7,0,1,,CUSTOMERS,1020
7,0,1,+ADDRESS+SSN,WATCHLIST,1021
7,0,1,+NAME+DOB+ADDRESS,CUSTOMERS_PQ,1020
7,8,3,+SURNAME+DOB+ADDRESS,CUSTOMERS_PQ,n/a
7,8,3,+SURNAME+DOB+ADDRESS,CUSTOMERS,n/a
7,500005,3,+ADDRESS,WATCHLIST_PQ,n/a
7,4,3,+SURNAME+ADDRESS-DOB-SSN,WATCHLIST_PQ,n/a
7,4,3,+SURNAME+ADDRESS-DOB-SSN,WATCHLIST_PQ,n/a
7,4,3,+SURNAME+ADDRESS-DOB-SSN,CUSTOMERS,n/a
7,4,3,+SURNAME+ADDRESS-DOB-SSN,CUSTOMERS_PQ,n/a
7,4,3,+SURNAME+ADDRESS-DOB-SSN,CUSTOMERS_PQ,n/a
7,4,3,+SURNAME+ADDRESS-DOB-SSN,CUSTOMERS_PQ,n/a
7,4,3,+SURNAME+ADDRESS-DOB-SSN,WATCHLIST,n/a
7,4,3,+SURNAME+ADDRESS-DOB-SSN,WATCHLIST,n/a
7,4,3,+SURNAME+ADDRESS-DOB-SSN,CUSTOMERS,n/a
7,4,3,+SURNAME+ADDRESS-DOB-SSN,CUSTOMERS,n/a
7,3,3,+SURNAME+ADDRESS-DOB-SSN,CUSTOMERS_PQ,n/a
7,3,3,+SURNAME+ADDRESS-DOB-SSN,CUSTOMERS_PQ,n/a
7,3,3,+SURNAME+ADDRESS-DOB-SSN,CUSTOMERS_PQ,n/a
7,3,3,+SURNAME+ADDRESS-DOB-SSN,CUSTOMERS,n/a
7,3,3,+SURNAME+ADDRESS-DOB-SSN,CUSTOMERS,n/a
7,3,3,+SURNAME+ADDRESS-DOB-SSN,CUSTOMERS,n/a
7,3,3,+SURNAME+ADDRESS-DOB-SSN,CUSTOMERS,n/a
9,0,1,,CUSTOMERS,1005
9,0,1,+NAME+DRLIC,WATCHLIST,1006
9,0,1,+NAME+DOB+ADDRESS,WATCHLIST_PQ,1006
9,400002,1,+NAME+ADDRESS (Ambiguous),CUSTOMERS_PQ,n/a
9,1,2,+NAME+ADDRESS-DOB,CUSTOMERS_PQ,n/a
9,1,2,+NAME+ADDRESS-DOB,CUSTOMERS_PQ,n/a
9,1,2,+NAME+ADDRESS-DOB,CUSTOMERS_PQ,n/a
9,1,2,+NAME+ADDRESS-DOB,CUSTOMERS_PQ,n/a
9,1,2,+NAME+ADDRESS-DOB,CUSTOMERS,n/a
9,1,2,+NAME+ADDRESS-DOB,CUSTOMERS,n/a
9,1,2,+NAME+ADDRESS-DOB,CUSTOMERS,n/a
9,1,2,+NAME+ADDRESS-DOB,CUSTOMERS,n/a
9,200001,2,+NAME,WATCHLIST_PQ,n/a
9,200001,2,+NAME,WATCHLIST,n/a
24,0,1,+NAME+DOB+ADDRESS+EMAIL,WATCHLIST_PQ,1037
24,0,1,+NAME+DOB+ADDRESS,CUSTOMERS,1034
24,0,1,+NAME+DOB+ADDRESS,CUSTOMERS,1035
24,0,1,+NAME+DOB+ADDRESS+EMAIL,WATCHLIST_PQ,1038
24,0,1,+NAME+DOB+ADDRESS,CUSTOMERS_PQ,1036
24,0,1,,CUSTOMERS,1036
24,0,1,+NAME+DOB+ADDRESS,CUSTOMERS_PQ,1035
24,0,1,+NAME+DOB+ADDRESS+EMAIL,CUSTOMERS_PQ,1034
24,0,1,+PNAME+DOB+ADDRESS+EMAIL,WATCHLIST,1037
24,0,1,,WATCHLIST,1038
24,49,3,+ADDRESS-DOB,CUSTOMERS,n/a
24,49,3,+ADDRESS-DOB,CUSTOMERS,n/a
24,49,3,+ADDRESS-DOB,CUSTOMERS,n/a
24,49,3,+ADDRESS-DOB,CUSTOMERS,n/a
24,49,3,+ADDRESS-DOB,CUSTOMERS,n/a
24,49,3,+ADDRESS-DOB,CUSTOMERS,n/a
24,49,3,+ADDRESS-DOB,CUSTOMERS_PQ,n/a
24,49,3,+ADDRESS-DOB,CUSTOMERS_PQ,n/a
24,49,3,+ADDRESS-DOB,CUSTOMERS_PQ,n/a
24,49,3,+ADDRESS-DOB,CUSTOMERS_PQ,n/a
24,600001,3,+PNAME+ADDRESS-DOB,VENDORS_PQ,n/a
24,800005,3,+ADDRESS-DOB,MY_TEAM,n/a
24,800005,3,+ADDRESS-DOB,MY_TEAM_PQ,n/a
28,0,1,,CUSTOMERS,1040
28,0,1,+NAME+DOB+ADDRESS,CUSTOMERS_PQ,1040
28,27,2,+NAME+ADDRESS-DOB,CUSTOMERS_PQ,n/a
28,27,2,+NAME+ADDRESS-DOB,CUSTOMERS,n/a
28,29,3,+SURNAME+ADDRESS-DOB,CUSTOMERS_PQ,n/a
28,29,3,+SURNAME+ADDRESS-DOB,CUSTOMERS,n/a
28,29,3,+SURNAME+ADDRESS-DOB,CUSTOMERS,n/a
28,300031,3,+SURNAME+ADDRESS,CUSTOMERS_PQ,n/a
28,200009,1,+NAME+ADDRESS (Ambiguous),WATCHLIST_PQ,n/a
28,200009,1,+NAME+ADDRESS (Ambiguous),WATCHLIST,n/a
28,200009,1,+NAME+ADDRESS (Ambiguous),WATCHLIST,n/a
28,30,3,+SURNAME+DOB+ADDRESS,CUSTOMERS_PQ,n/a
28,30,3,+SURNAME+DOB+ADDRESS,CUSTOMERS,n/a
28,30,3,+SURNAME+DOB+ADDRESS,CUSTOMERS,n/a
18,0,1,,CUSTOMERS,1026
18,0,1,+NAME+DOB,CUSTOMERS_PQ,1026
18,17,2,+NAME+DOB,CUSTOMERS,n/a
18,17,2,+NAME+DOB,CUSTOMERS_PQ,n/a
15,0,1,+NAME+DOB,CUSTOMERS,1022
15,0,1,+NAME+DOB,WATCHLIST_PQ,1024
15,0,1,+NAME+DOB,CUSTOMERS_PQ,1022
15,0,1,,CUSTOMERS,1023
15,0,1,+NAME+DOB,CUSTOMERS_PQ,1023
15,0,1,+NAME+DOB,WATCHLIST,1024
22,0,1,,CUSTOMERS,1032
22,0,1,+NAME+DOB+PHONE,CUSTOMERS,1033
22,0,1,+NAME+DOB+ADDRESS+PHONE,CUSTOMERS_PQ,1033
22,0,1,+NAME+DOB+PHONE,CUSTOMERS_PQ,1032
30,0,1,,CUSTOMERS,1044
30,0,1,+NAME+ADDRESS+PASSPORT,CUSTOMERS,1046
30,0,1,+NAME+DOB+ADDRESS,CUSTOMERS_PQ,1044
30,200009,3,+SURNAME+ADDRESS,WATCHLIST_PQ,n/a
30,200009,3,+SURNAME+ADDRESS,WATCHLIST,n/a
30,200009,3,+SURNAME+ADDRESS,WATCHLIST,n/a
30,200004,2,+NAME,WATCHLIST_PQ,n/a
30,200004,2,+NAME,WATCHLIST,n/a
30,300031,1,+NAME+ADDRESS (Ambiguous),CUSTOMERS_PQ,n/a
30,27,3,+SURNAME+ADDRESS-DOB,CUSTOMERS_PQ,n/a
30,27,3,+SURNAME+ADDRESS-DOB,CUSTOMERS,n/a
30,28,3,+SURNAME+DOB+ADDRESS,CUSTOMERS_PQ,n/a
30,28,3,+SURNAME+DOB+ADDRESS,CUSTOMERS,n/a
30,29,2,+NAME+ADDRESS-DOB-PASSPORT,CUSTOMERS_PQ,n/a
30,29,2,+NAME+ADDRESS-DOB-PASSPORT,CUSTOMERS,n/a
30,29,2,+NAME+ADDRESS-DOB-PASSPORT,CUSTOMERS,n/a
19,0,1,,CUSTOMERS,1028
19,0,1,+NAME+ADDRESS,CUSTOMERS_PQ,1028
19,200012,2,+NAME+ADDRESS-GENERATION,WATCHLIST,n/a
19,200012,2,+NAME+ADDRESS-GENERATION,WATCHLIST_PQ,n/a
44,0,1,,CUSTOMERS,1058
44,0,1,+NAME+EMAIL,CUSTOMERS_PQ,1058
44,43,2,+NAME,CUSTOMERS,n/a
44,43,2,+NAME,CUSTOMERS_PQ,n/a
20,0,1,,CUSTOMERS,1031
20,0,1,+NAME+DOB+ADDRESS,CUSTOMERS,1030
20,0,1,+NAME+DOB+ADDRESS,CUSTOMERS_PQ,1030
20,0,1,+NAME+DOB+ADDRESS,CUSTOMERS_PQ,1031
29,0,1,,CUSTOMERS,1043
29,0,1,+NAME+ADDRESS+PASSPORT,CUSTOMERS,1045
29,0,1,+NAME+DOB+ADDRESS,CUSTOMERS_PQ,1043
29,200009,3,+SURNAME+ADDRESS,WATCHLIST_PQ,n/a
29,200009,3,+SURNAME+ADDRESS,WATCHLIST,n/a
29,200009,3,+SURNAME+ADDRESS,WATCHLIST,n/a
29,300031,1,+NAME+ADDRESS (Ambiguous),CUSTOMERS_PQ,n/a
29,28,3,+SURNAME+ADDRESS-DOB,CUSTOMERS_PQ,n/a
29,28,3,+SURNAME+ADDRESS-DOB,CUSTOMERS,n/a
29,27,3,+SURNAME+DOB+ADDRESS,CUSTOMERS_PQ,n/a
29,27,3,+SURNAME+DOB+ADDRESS,CUSTOMERS,n/a
29,200004,2,+NAME,WATCHLIST_PQ,n/a
29,200004,2,+NAME,WATCHLIST,n/a
29,30,2,+NAME+ADDRESS-DOB-PASSPORT,CUSTOMERS_PQ,n/a
29,30,2,+NAME+ADDRESS-DOB-PASSPORT,CUSTOMERS,n/a
29,30,2,+NAME+ADDRESS-DOB-PASSPORT,CUSTOMERS,n/a
17,0,1,,CUSTOMERS,1025
17,0,1,+NAME+DOB,CUSTOMERS_PQ,1025
17,18,2,+NAME+DOB,CUSTOMERS,n/a
17,18,2,+NAME+DOB,CUSTOMERS_PQ,n/a
17,200010,2,+NAME+DOB,WATCHLIST,n/a
17,200010,2,+NAME+DOB,WATCHLIST_PQ,n/a
32,0,1,+NAME+EMAIL,CUSTOMERS,1049
32,0,1,,CUSTOMERS,1047
32,0,1,+NAME+EMAIL,CUSTOMERS,1048
32,0,1,+NAME+EMAIL,CUSTOMERS_PQ,1049
32,0,1,+NAME+EMAIL,CUSTOMERS_PQ,1048
32,0,1,+NAME+EMAIL,CUSTOMERS_PQ,1047
39,0,1,+NAME+ADDRESS+PASSPORT,CUSTOMERS,1055
39,0,1,,CUSTOMERS,1053
39,0,1,+NAME+ADDRESS,CUSTOMERS_PQ,1053
39,0,1,+NAME+ADDRESS,CUSTOMERS_PQ,1055
39,41,3,+SURNAME+ADDRESS,CUSTOMERS,n/a
39,41,3,+SURNAME+ADDRESS,CUSTOMERS,n/a
39,41,3,+SURNAME+ADDRESS,CUSTOMERS_PQ,n/a
39,41,3,+SURNAME+ADDRESS,CUSTOMERS_PQ,n/a
43,0,1,,CUSTOMERS,1057
43,0,1,+NAME+EMAIL,CUSTOMERS_PQ,1057
43,44,2,+NAME,CUSTOMERS,n/a
43,44,2,+NAME,CUSTOMERS_PQ,n/a
36,0,1,+NAME+DOB+PASSPORT,CUSTOMERS,1051
36,0,1,,CUSTOMERS,1050
36,0,1,+NAME+PASSPORT,CUSTOMERS,1052
36,0,1,+NAME+DOB,CUSTOMERS_PQ,1051
36,0,1,+NAME+DOB,CUSTOMERS_PQ,1050
36,300038,2,+NAME,CUSTOMERS_PQ,n/a
27,0,1,,CUSTOMERS,1039
27,0,1,+NAME+DOB+ADDRESS,CUSTOMERS_PQ,1039
27,28,2,+NAME+ADDRESS-DOB,CUSTOMERS_PQ,n/a
27,28,2,+NAME+ADDRESS-DOB,CUSTOMERS,n/a
27,29,3,+SURNAME+DOB+ADDRESS,CUSTOMERS_PQ,n/a
27,29,3,+SURNAME+DOB+ADDRESS,CUSTOMERS,n/a
27,29,3,+SURNAME+DOB+ADDRESS,CUSTOMERS,n/a
27,300031,3,+SURNAME+ADDRESS,CUSTOMERS_PQ,n/a
27,200009,1,+NAME+ADDRESS (Ambiguous),WATCHLIST_PQ,n/a
27,200009,1,+NAME+ADDRESS (Ambiguous),WATCHLIST,n/a
27,200009,1,+NAME+ADDRESS (Ambiguous),WATCHLIST,n/a
27,30,3,+SURNAME+ADDRESS-DOB,CUSTOMERS_PQ,n/a
27,30,3,+SURNAME+ADDRESS-DOB,CUSTOMERS,n/a
27,30,3,+SURNAME+ADDRESS-DOB,CUSTOMERS,n/a
47,0,1,,CUSTOMERS,1061
47,0,1,+PHONE,CUSTOMERS_PQ,1061
47,0,1,+NAME+PHONE,CUSTOMERS,1062
47,0,1,+PHONE,CUSTOMERS_PQ,1062
57,0,1,,CUSTOMERS,1071
57,0,1,+NAME+DOB+ADDRESS+NATIONAL_ID,CUSTOMERS,1072
57,0,1,+NAME+DOB+ADDRESS,CUSTOMERS_PQ,1071
57,0,1,+NAME+DOB+ADDRESS,CUSTOMERS_PQ,1072
57,0,1,+NAME+DOB,REFERENCE,2014
57,92,11,+REL_POINTER(DOMAIN:REFERENCE|MIN:OWNS 40%|MAX:),CUSTOMERS,n/a
57,92,11,+REL_POINTER(DOMAIN:REFERENCE|MIN:OWNS 40%|MAX:),REFERENCE,n/a
59,0,1,,CUSTOMERS,1074
59,0,1,+NAME+DOB+ADDRESS,CUSTOMERS_PQ,1073
59,0,1,+NAME+DOB+ADDRESS,CUSTOMERS,1073
59,0,1,+NAME+DOB+ADDRESS,CUSTOMERS_PQ,1074
54,0,1,+NAME+DOB+ADDRESS,CUSTOMERS_PQ,1069
54,0,1,+NAME+DOB+ADDRESS+NATIONAL_ID,CUSTOMERS,1069
54,0,1,+NAME+DOB+ADDRESS,CUSTOMERS_PQ,1070
54,0,1,,CUSTOMERS,1070
54,0,1,+NAME+DOB,REFERENCE,2013
54,92,11,+REL_POINTER(DOMAIN:REFERENCE|MIN:OWNS 60%|MAX:),CUSTOMERS,n/a
54,92,11,+REL_POINTER(DOMAIN:REFERENCE|MIN:OWNS 60%|MAX:),REFERENCE,n/a
49,0,1,+NAME+SSN,CUSTOMERS,1066
49,0,1,+NAME+ADDRESS,CUSTOMERS,1067
49,0,1,+NAME+DOB,CUSTOMERS,1064
49,0,1,+NAME+ADDRESS,CUSTOMERS_PQ,1067
49,0,1,,CUSTOMERS,1063
49,0,1,,CUSTOMERS,1068
49,0,1,+NAME+DOB,CUSTOMERS_PQ,1063
49,0,1,+NAME+PASSPORT,CUSTOMERS,1065
49,0,1,+NAME+ADDRESS,CUSTOMERS_PQ,1068
49,0,1,+NAME+DOB,CUSTOMERS_PQ,1064
49,600001,3,+ADDRESS-DOB,VENDORS_PQ,n/a
49,24,3,+ADDRESS-DOB,CUSTOMERS,n/a
49,24,3,+ADDRESS-DOB,CUSTOMERS,n/a
49,24,3,+ADDRESS-DOB,CUSTOMERS,n/a
49,24,3,+ADDRESS-DOB,WATCHLIST,n/a
49,24,3,+ADDRESS-DOB,WATCHLIST,n/a
49,24,3,+ADDRESS-DOB,CUSTOMERS_PQ,n/a
49,24,3,+ADDRESS-DOB,CUSTOMERS_PQ,n/a
49,24,3,+ADDRESS-DOB,CUSTOMERS_PQ,n/a
49,24,3,+ADDRESS-DOB,WATCHLIST_PQ,n/a
49,24,3,+ADDRESS-DOB,WATCHLIST_PQ,n/a
49,300051,2,+NAME,CUSTOMERS_PQ,n/a
49,800005,3,+ADDRESS-DOB,MY_TEAM,n/a
49,800005,3,+ADDRESS-DOB,MY_TEAM_PQ,n/a
61,0,1,+NAME+DOB+ADDRESS,CUSTOMERS_PQ,1076
61,0,1,,CUSTOMERS,1075
61,0,1,+NAME+DOB+ADDRESS,CUSTOMERS_PQ,1075
61,0,1,+NAME+DOB+ADDRESS,CUSTOMERS,1076
63,0,1,+NAME+DOB+ADDRESS,CUSTOMERS_PQ,1077
63,0,1,,CUSTOMERS,1077
63,0,1,+NAME+DOB+ADDRESS,CUSTOMERS_PQ,1078
63,0,1,+NAME+DOB+ADDRESS,CUSTOMERS,1078
45,0,1,+NAME+PHONE,CUSTOMERS,1060
45,0,1,,CUSTOMERS,1059
45,0,1,+NAME+PHONE,CUSTOMERS_PQ,1060
45,0,1,+NAME+PHONE,CUSTOMERS_PQ,1059
65,0,1,+NAME+DOB,CUSTOMERS,1079
65,0,1,+NAME+DOB,CUSTOMERS_PQ,1079
65,0,1,,CUSTOMERS,1080
65,0,1,+NAME+DOB,CUSTOMERS_PQ,1080
69,0,1,,CUSTOMERS,1083
69,0,1,+NAME+DOB+ADDRESS,CUSTOMERS_PQ,1083
69,0,1,+NAME+DOB+ADDRESS,CUSTOMERS_PQ,1084
69,0,1,+NAME+DOB+ADDRESS+PASSPORT,CUSTOMERS,1084
41,0,1,+PNAME+DOB+ADDRESS+DRLIC,CUSTOMERS,1054
41,0,1,+NAME+DOB+ADDRESS,CUSTOMERS_PQ,1056
41,0,1,,CUSTOMERS,1056
41,0,1,+NAME+DOB+ADDRESS,CUSTOMERS_PQ,1054
41,39,3,+SURNAME+ADDRESS,CUSTOMERS,n/a
41,39,3,+SURNAME+ADDRESS,CUSTOMERS,n/a
41,39,3,+SURNAME+ADDRESS,CUSTOMERS_PQ,n/a
41,39,3,+SURNAME+ADDRESS,CUSTOMERS_PQ,n/a
79,0,1,,CUSTOMERS,1093
79,0,1,+NAME+DOB,CUSTOMERS_PQ,1094
79,0,1,+PNAME+DOB+DRLIC,CUSTOMERS,1094
79,0,1,+NAME+DOB,CUSTOMERS_PQ,1093
73,0,1,,CUSTOMERS,1087
73,0,1,+NAME+DOB+PHONE+EMAIL-GENDER,CUSTOMERS,1088
73,0,1,+NAME+DOB+PHONE+EMAIL,CUSTOMERS_PQ,1088
73,0,1,+NAME+DOB+PHONE+EMAIL,CUSTOMERS_PQ,1087
83,0,1,+NAME+ADDRESS+EMAIL,CUSTOMERS_PQ,1098
83,0,1,,CUSTOMERS,1097
83,0,1,+NAME+ADDRESS+EMAIL,CUSTOMERS_PQ,1097
83,0,1,+NAME+ADDRESS+EMAIL,CUSTOMERS,1098
81,0,1,,CUSTOMERS,1096
81,0,1,+NAME+DOB,CUSTOMERS_PQ,1096
81,0,1,+NAME+DOB+DRLIC,CUSTOMERS,1095
81,0,1,+NAME+DOB,CUSTOMERS_PQ,1095
85,0,1,+NAME+ADDRESS+EMAIL,CUSTOMERS_PQ,1099
85,0,1,+NAME+EMAIL,CUSTOMERS,1100
85,0,1,,CUSTOMERS,1099
85,0,1,+NAME+ADDRESS+EMAIL,CUSTOMERS_PQ,1100
71,0,1,+NAME+DOB+PHONE+EMAIL,CUSTOMERS_PQ,1085
71,0,1,,CUSTOMERS,1085
71,0,1,+NAME+DOB+PHONE+EMAIL,CUSTOMERS_PQ,1086
71,0,1,+NAME+DOB+PHONE+EMAIL,CUSTOMERS,1086
71,77,3,+PNAME+PHONE-DOB,CUSTOMERS,n/a
71,77,3,+PNAME+PHONE-DOB,CUSTOMERS,n/a
71,77,3,+PNAME+PHONE-DOB,CUSTOMERS_PQ,n/a
71,77,3,+PNAME+PHONE-DOB,CUSTOMERS_PQ,n/a
76,0,1,,CUSTOMERS,1090
76,0,1,+NAME+DOB,CUSTOMERS_PQ,1090
76,75,2,+NAME+DOB-GENERATION,CUSTOMERS,n/a
76,75,2,+NAME+DOB-GENERATION,CUSTOMERS_PQ,n/a
87,0,1,+NAME+EMAIL,CUSTOMERS,1101
87,0,1,+NAME+EMAIL,CUSTOMERS_PQ,1102
87,0,1,+NAME+EMAIL,CUSTOMERS_PQ,1101
87,0,1,,CUSTOMERS,1102
67,0,1,+NAME+DOB+ADDRESS+PASSPORT,CUSTOMERS,1082
67,0,1,+NAME+DOB+ADDRESS,CUSTOMERS_PQ,1082
67,0,1,,CUSTOMERS,1081
67,0,1,+NAME+DOB+ADDRESS,CUSTOMERS_PQ,1081
75,0,1,,CUSTOMERS,1089
75,0,1,+NAME+DOB,CUSTOMERS_PQ,1089
75,76,2,+NAME+DOB-GENERATION,CUSTOMERS,n/a
75,76,2,+NAME+DOB-GENERATION,CUSTOMERS_PQ,n/a
92,0,1,,CUSTOMERS,2011
92,0,1,+NAME+ADDRESS,REFERENCE,2012
92,57,11,+REL_POINTER(DOMAIN:REFERENCE|MIN:OWNS 40%|MAX:),CUSTOMERS,n/a
92,57,11,+REL_POINTER(DOMAIN:REFERENCE|MIN:OWNS 40%|MAX:),CUSTOMERS,n/a
92,57,11,+REL_POINTER(DOMAIN:REFERENCE|MIN:OWNS 40%|MAX:),REFERENCE,n/a
92,57,11,+REL_POINTER(DOMAIN:REFERENCE|MIN:OWNS 40%|MAX:),CUSTOMERS_PQ,n/a
92,57,11,+REL_POINTER(DOMAIN:REFERENCE|MIN:OWNS 40%|MAX:),CUSTOMERS_PQ,n/a
92,54,11,+REL_POINTER(DOMAIN:REFERENCE|MIN:OWNS 60%|MAX:),CUSTOMERS,n/a
92,54,11,+REL_POINTER(DOMAIN:REFERENCE|MIN:OWNS 60%|MAX:),CUSTOMERS,n/a
92,54,11,+REL_POINTER(DOMAIN:REFERENCE|MIN:OWNS 60%|MAX:),REFERENCE,n/a
92,54,11,+REL_POINTER(DOMAIN:REFERENCE|MIN:OWNS 60%|MAX:),CUSTOMERS_PQ,n/a
92,54,11,+REL_POINTER(DOMAIN:REFERENCE|MIN:OWNS 60%|MAX:),CUSTOMERS_PQ,n/a
91,0,1,,CUSTOMERS,2031
91,0,1,+NAME+ADDRESS,CUSTOMERS,2032
91,0,1,+NAME+ADDRESS,CUSTOMERS_PQ,2032
91,300092,2,+NAME,CUSTOMERS_PQ,n/a
94,0,1,,CUSTOMERS,2042
94,0,1,+NAME+ADDRESS,REFERENCE,2041
94,100013,11,+REL_POINTER(DOMAIN:REFERENCE|MIN:|MAX:PRESIDENT),WATCHLIST_PQ,n/a
94,100013,11,+REL_POINTER(DOMAIN:REFERENCE|MIN:|MAX:PRESIDENT),WATCHLIST,n/a
94,100013,11,+REL_POINTER(DOMAIN:REFERENCE|MIN:|MAX:PRESIDENT),REFERENCE,n/a
94,95,11,+REL_POINTER(DOMAIN:REFERENCE|MIN:|MAX:OWNS 100%),WATCHLIST_PQ,n/a
94,95,11,+REL_POINTER(DOMAIN:REFERENCE|MIN:|MAX:OWNS 100%),CUSTOMERS_PQ,n/a
94,95,11,+REL_POINTER(DOMAIN:REFERENCE|MIN:|MAX:OWNS 100%),WATCHLIST,n/a
94,95,11,+REL_POINTER(DOMAIN:REFERENCE|MIN:|MAX:OWNS 100%),REFERENCE,n/a
94,95,11,+REL_POINTER(DOMAIN:REFERENCE|MIN:|MAX:OWNS 100%),CUSTOMERS,n/a
94,300095,3,+ADDRESS,CUSTOMERS_PQ,n/a
77,0,1,+NAME+DOB+PHONE+EMAIL,CUSTOMERS,1092
77,0,1,+NAME+DOB+PHONE+EMAIL,CUSTOMERS_PQ,1092
77,0,1,,CUSTOMERS,1091
77,0,1,+NAME+DOB+PHONE+EMAIL,CUSTOMERS_PQ,1091
77,71,3,+PNAME+PHONE-DOB,CUSTOMERS,n/a
77,71,3,+PNAME+PHONE-DOB,CUSTOMERS,n/a
77,71,3,+PNAME+PHONE-DOB,CUSTOMERS_PQ,n/a
77,71,3,+PNAME+PHONE-DOB,CUSTOMERS_PQ,n/a
95,0,1,+NAME+ADDRESS+PHONE,WATCHLIST_PQ,2062
95,0,1,+NAME+PHONE,CUSTOMERS_PQ,2063
95,0,1,,REFERENCE,2061
95,0,1,+NAME+PHONE,CUSTOMERS,2063
95,0,1,+NAME+ADDRESS+PHONE,WATCHLIST,2062
95,94,11,+REL_POINTER(DOMAIN:REFERENCE|MIN:|MAX:OWNS 100%),CUSTOMERS,n/a
95,94,11,+REL_POINTER(DOMAIN:REFERENCE|MIN:|MAX:OWNS 100%),REFERENCE,n/a
95,100013,3,+EMPLOYER,REFERENCE,n/a
95,100013,3,+EMPLOYER,WATCHLIST,n/a
95,100013,3,+EMPLOYER,WATCHLIST_PQ,n/a
96,0,1,,CUSTOMERS,2072
96,0,1,+LIKELY_NAME+ADDRESS+PHONE,REFERENCE,2071
96,97,11,+REL_POINTER(DOMAIN:REFERENCE|MIN:GLOBAL PARENT|MAX:),REFERENCE,n/a
96,97,11,+REL_POINTER(DOMAIN:REFERENCE|MIN:GLOBAL PARENT|MAX:),CUSTOMERS,n/a
96,100003,11,+REL_POINTER(DOMAIN:REFERENCE|MIN:|MAX:PRINCIPAL),REFERENCE,n/a
96,100003,11,+REL_POINTER(DOMAIN:REFERENCE|MIN:|MAX:PRINCIPAL),REFERENCE,n/a
96,100017,11,+REL_POINTER(DOMAIN:REFERENCE|MIN:|MAX:PRINCIPAL),REFERENCE,n/a
96,100017,11,+REL_POINTER(DOMAIN:REFERENCE|MIN:|MAX:PRINCIPAL),REFERENCE,n/a
96,100015,11,+REL_POINTER(DOMAIN:REFERENCE|MIN:|MAX:PRINCIPAL),REFERENCE,n/a
96,100015,11,+REL_POINTER(DOMAIN:REFERENCE|MIN:|MAX:PRINCIPAL),REFERENCE,n/a
96,100021,11,+REL_POINTER(DOMAIN:REFERENCE|MIN:|MAX:PRINCIPAL),REFERENCE,n/a
96,100021,11,+REL_POINTER(DOMAIN:REFERENCE|MIN:|MAX:PRINCIPAL),REFERENCE,n/a
96,100006,11,+REL_POINTER(DOMAIN:REFERENCE|MIN:|MAX:PRINCIPAL),REFERENCE,n/a
96,100006,11,+REL_POINTER(DOMAIN:REFERENCE|MIN:|MAX:PRINCIPAL),REFERENCE,n/a
96,300096,3,+ADDRESS+PHONE,CUSTOMERS_PQ,n/a
99,0,1,,CUSTOMERS,2152
99,0,1,+NAME+PHONE,REFERENCE,2151
99,97,11,+REL_POINTER(DOMAIN:REFERENCE|MIN:|MAX:GLOBAL PARENT),CUSTOMERS,n/a
99,97,11,+REL_POINTER(DOMAIN:REFERENCE|MIN:|MAX:GLOBAL PARENT),REFERENCE,n/a
99,300098,3,+PHONE,CUSTOMERS_PQ,n/a
98,0,1,,CUSTOMERS,2142
98,0,1,+NAME+ADDRESS,REFERENCE,2141
98,97,11,+REL_POINTER(DOMAIN:REFERENCE|MIN:|MAX:GLOBAL PARENT),CUSTOMERS,n/a
98,97,11,+REL_POINTER(DOMAIN:REFERENCE|MIN:|MAX:GLOBAL PARENT),REFERENCE,n/a
97,0,1,,CUSTOMERS,2073
97,0,1,+NAME+ADDRESS,REFERENCE,2074
97,96,11,+REL_POINTER(DOMAIN:REFERENCE|MIN:GLOBAL PARENT|MAX:),REFERENCE,n/a
97,96,11,+REL_POINTER(DOMAIN:REFERENCE|MIN:GLOBAL PARENT|MAX:),CUSTOMERS,n/a
97,98,11,+REL_POINTER(DOMAIN:REFERENCE|MIN:|MAX:GLOBAL PARENT),REFERENCE,n/a
97,98,11,+REL_POINTER(DOMAIN:REFERENCE|MIN:|MAX:GLOBAL PARENT),CUSTOMERS,n/a
97,99,11,+REL_POINTER(DOMAIN:REFERENCE|MIN:|MAX:GLOBAL PARENT),REFERENCE,n/a
97,99,11,+REL_POINTER(DOMAIN:REFERENCE|MIN:|MAX:GLOBAL PARENT),CUSTOMERS,n/a
97,300097,3,+ADDRESS,CUSTOMERS_PQ,n/a
97,100009,11,+REL_POINTER(DOMAIN:REFERENCE|MIN:|MAX:OWNS 50%),WATCHLIST_PQ,n/a
97,100009,11,+REL_POINTER(DOMAIN:REFERENCE|MIN:|MAX:OWNS 50%),WATCHLIST,n/a
97,100009,11,+REL_POINTER(DOMAIN:REFERENCE|MIN:|MAX:OWNS 50%),REFERENCE,n/a
97,100011,11,+REL_POINTER(DOMAIN:REFERENCE|MIN:|MAX:OWNS 50%),WATCHLIST_PQ,n/a
97,100011,11,+REL_POINTER(DOMAIN:REFERENCE|MIN:|MAX:OWNS 50%),WATCHLIST,n/a
97,100011,11,+REL_POINTER(DOMAIN:REFERENCE|MIN:|MAX:OWNS 50%),REFERENCE,n/a
103,0,1,,CUSTOMERS,2182
103,0,1,+NAME+PHONE,CUSTOMERS_PQ,2182
103,102,3,+SURNAME+PHONE,CUSTOMERS,n/a
103,102,3,+SURNAME+PHONE,CUSTOMERS_PQ,n/a
100,0,1,,CUSTOMERS,2171
100,300100,2,+NAME,CUSTOMERS_PQ,n/a
100,101,2,+NAME,CUSTOMERS,n/a
100,300099,2,+NAME,CUSTOMERS_PQ,n/a
107,0,1,,CUSTOMERS,2202
107,0,1,+NAME+ADDRESS,CUSTOMERS_PQ,2202
107,114,3,+ADDRESS,CUSTOMERS,n/a
107,114,3,+ADDRESS,CUSTOMERS_PQ,n/a
104,0,1,,CUSTOMERS,2191
104,0,1,+NAME+DOB+ADDRESS,CUSTOMERS_PQ,2191
104,105,3,+SURNAME+ADDRESS-DOB,CUSTOMERS,n/a
104,105,3,+SURNAME+ADDRESS-DOB,CUSTOMERS,n/a
104,105,3,+SURNAME+ADDRESS-DOB,CUSTOMERS_PQ,n/a
104,105,3,+SURNAME+ADDRESS-DOB,CUSTOMERS_PQ,n/a
89,0,1,,CUSTOMERS,1103
89,0,1,+NAME+DRLIC,CUSTOMERS,1104
89,300090,2,+NAME,CUSTOMERS_PQ,n/a
89,300089,2,+NAME,CUSTOMERS_PQ,n/a
101,0,1,,CUSTOMERS,2172
101,300100,2,+NAME,CUSTOMERS_PQ,n/a
101,300099,2,+NAME,CUSTOMERS_PQ,n/a
101,100,2,+NAME,CUSTOMERS,n/a
114,0,1,,CUSTOMERS,2208
114,0,1,+NAME+ADDRESS,CUSTOMERS_PQ,2208
114,107,3,+ADDRESS,CUSTOMERS,n/a
114,107,3,+ADDRESS,CUSTOMERS_PQ,n/a
112,0,1,,CUSTOMERS,2206
112,0,1,+NAME+ADDRESS,CUSTOMERS_PQ,2206
112,116,3,+ADDRESS,CUSTOMERS,n/a
112,116,3,+ADDRESS,CUSTOMERS_PQ,n/a
108,0,1,,CUSTOMERS,2201
108,0,1,+NAME+ADDRESS,CUSTOMERS_PQ,2201
111,0,1,,CUSTOMERS,2205
111,0,1,+NAME+ADDRESS,CUSTOMERS_PQ,2205
109,0,1,,CUSTOMERS,2203
109,0,1,+NAME+ADDRESS,CUSTOMERS_PQ,2203
109,120,3,+ADDRESS,CUSTOMERS,n/a
109,120,3,+ADDRESS,CUSTOMERS_PQ,n/a
109,115,3,+ADDRESS,CUSTOMERS,n/a
109,115,3,+ADDRESS,CUSTOMERS_PQ,n/a
110,0,1,,CUSTOMERS,2204
110,0,1,+NAME+ADDRESS,CUSTOMERS_PQ,2204
105,0,1,+NAME+DOB+ADDRESS,CUSTOMERS_PQ,2192
105,0,1,+NAME+DOB+ADDRESS,CUSTOMERS_PQ,2193
105,0,1,+NAME+DOB+ADDRESS,CUSTOMERS,2193
105,0,1,,CUSTOMERS,2192
105,104,3,+SURNAME+ADDRESS-DOB,CUSTOMERS,n/a
105,104,3,+SURNAME+ADDRESS-DOB,CUSTOMERS_PQ,n/a
115,0,1,,CUSTOMERS,2209
115,0,1,+NAME+ADDRESS,CUSTOMERS_PQ,2209
115,120,3,+ADDRESS,CUSTOMERS,n/a
115,120,3,+ADDRESS,CUSTOMERS_PQ,n/a
115,109,3,+ADDRESS,CUSTOMERS,n/a
115,109,3,+ADDRESS,CUSTOMERS_PQ,n/a
113,0,1,,CUSTOMERS,2213
113,0,1,+NAME+ADDRESS,CUSTOMERS_PQ,2207
113,0,1,,CUSTOMERS,2207
113,0,1,+NAME+ADDRESS,CUSTOMERS_PQ,2213
113,118,3,+ADDRESS,CUSTOMERS,n/a
113,118,3,+ADDRESS,CUSTOMERS_PQ,n/a
113,117,3,+ADDRESS,CUSTOMERS,n/a
113,117,3,+ADDRESS,CUSTOMERS_PQ,n/a
102,0,1,,CUSTOMERS,2181
102,0,1,+NAME+PHONE,CUSTOMERS_PQ,2181
102,103,3,+SURNAME+PHONE,CUSTOMERS,n/a
102,103,3,+SURNAME+PHONE,CUSTOMERS_PQ,n/a
116,0,1,,CUSTOMERS,2210
116,0,1,+NAME+ADDRESS,CUSTOMERS_PQ,2210
116,112,3,+ADDRESS,CUSTOMERS,n/a
116,112,3,+ADDRESS,CUSTOMERS_PQ,n/a
117,0,1,,CUSTOMERS,2211
117,0,1,+NAME+ADDRESS,CUSTOMERS_PQ,2211
117,118,3,+ADDRESS,CUSTOMERS,n/a
117,118,3,+ADDRESS,CUSTOMERS_PQ,n/a
117,113,3,+ADDRESS,CUSTOMERS,n/a
117,113,3,+ADDRESS,CUSTOMERS,n/a
117,113,3,+ADDRESS,CUSTOMERS_PQ,n/a
117,113,3,+ADDRESS,CUSTOMERS_PQ,n/a
118,0,1,,CUSTOMERS,2212
118,0,1,+NAME+ADDRESS,CUSTOMERS_PQ,2212
118,117,3,+ADDRESS,CUSTOMERS,n/a
118,117,3,+ADDRESS,CUSTOMERS_PQ,n/a
118,113,3,+ADDRESS,CUSTOMERS,n/a
118,113,3,+ADDRESS,CUSTOMERS,n/a
118,113,3,+ADDRESS,CUSTOMERS_PQ,n/a
118,113,3,+ADDRESS,CUSTOMERS_PQ,n/a
100003,0,1,,REFERENCE,2102
100003,0,1,+PNAME+PHONE+EMAIL,REFERENCE,2101
100003,100006,3,+EMPLOYER,REFERENCE,n/a
100003,100006,3,+EMPLOYER,REFERENCE,n/a
100003,96,11,+REL_POINTER(DOMAIN:REFERENCE|MIN:|MAX:PRINCIPAL),REFERENCE,n/a
100003,96,11,+REL_POINTER(DOMAIN:REFERENCE|MIN:|MAX:PRINCIPAL),CUSTOMERS,n/a
100003,100021,3,+EMPLOYER,REFERENCE,n/a
100003,100021,3,+EMPLOYER,REFERENCE,n/a
100003,100015,3,+EMPLOYER,REFERENCE,n/a
100003,100015,3,+EMPLOYER,REFERENCE,n/a
100003,100017,3,+EMPLOYER,REFERENCE,n/a
100003,100017,3,+EMPLOYER,REFERENCE,n/a
100009,0,1,,REFERENCE,2091
100009,0,1,+NAME+EMPLOYER,WATCHLIST,2092
100009,0,1,+NAME+EMPLOYER,WATCHLIST_PQ,2092
100009,97,11,+REL_POINTER(DOMAIN:REFERENCE|MIN:|MAX:OWNS 50%),CUSTOMERS,n/a
100009,97,11,+REL_POINTER(DOMAIN:REFERENCE|MIN:|MAX:OWNS 50%),REFERENCE,n/a
100009,100011,3,+EMPLOYER,REFERENCE,n/a
100009,100011,3,+EMPLOYER,WATCHLIST,n/a
100009,100011,3,+EMPLOYER,WATCHLIST_PQ,n/a
100006,0,1,,REFERENCE,2112
100006,0,1,+NAME+ADDRESS,REFERENCE,2111
100006,100003,3,+EMPLOYER,REFERENCE,n/a
100006,100003,3,+EMPLOYER,REFERENCE,n/a
100006,100017,3,+EMPLOYER,REFERENCE,n/a
100006,100017,3,+EMPLOYER,REFERENCE,n/a
100006,96,11,+REL_POINTER(DOMAIN:REFERENCE|MIN:|MAX:PRINCIPAL),REFERENCE,n/a
100006,96,11,+REL_POINTER(DOMAIN:REFERENCE|MIN:|MAX:PRINCIPAL),CUSTOMERS,n/a
100006,100021,3,+EMPLOYER,REFERENCE,n/a
100006,100021,3,+EMPLOYER,REFERENCE,n/a
100006,100015,3,+EMPLOYER,REFERENCE,n/a
100006,100015,3,+EMPLOYER,REFERENCE,n/a
100011,0,1,,REFERENCE,2081
100011,0,1,+NAME+EMPLOYER,WATCHLIST,2082
100011,0,1,+NAME+ADDRESS+EMPLOYER,WATCHLIST_PQ,2082
100011,97,11,+REL_POINTER(DOMAIN:REFERENCE|MIN:|MAX:OWNS 50%),CUSTOMERS,n/a
100011,97,11,+REL_POINTER(DOMAIN:REFERENCE|MIN:|MAX:OWNS 50%),REFERENCE,n/a
100011,100009,3,+EMPLOYER,REFERENCE,n/a
100011,100009,3,+EMPLOYER,WATCHLIST,n/a
100011,100009,3,+EMPLOYER,WATCHLIST_PQ,n/a
200004,0,1,,WATCHLIST,1007
200004,0,1,+NAME+ADDRESS+EMAIL,WATCHLIST_PQ,1007
200004,300031,2,+NAME,CUSTOMERS_PQ,n/a
200004,30,2,+NAME,CUSTOMERS_PQ,n/a
200004,30,2,+NAME,CUSTOMERS,n/a
200004,30,2,+NAME,CUSTOMERS,n/a
200004,29,2,+NAME,CUSTOMERS_PQ,n/a
200004,29,2,+NAME,CUSTOMERS,n/a
200004,29,2,+NAME,CUSTOMERS,n/a
200004,1,3,+SURNAME+ADDRESS,CUSTOMERS_PQ,n/a
200004,1,3,+SURNAME+ADDRESS,CUSTOMERS_PQ,n/a
200004,1,3,+SURNAME+ADDRESS,CUSTOMERS_PQ,n/a
200004,1,3,+SURNAME+ADDRESS,CUSTOMERS_PQ,n/a
200004,1,3,+SURNAME+ADDRESS,CUSTOMERS,n/a
200004,1,3,+SURNAME+ADDRESS,CUSTOMERS,n/a
200004,1,3,+SURNAME+ADDRESS,CUSTOMERS,n/a
200004,1,3,+SURNAME+ADDRESS,CUSTOMERS,n/a
120,0,1,,CUSTOMERS,2214
120,0,1,+NAME+ADDRESS,CUSTOMERS_PQ,2214
120,109,3,+ADDRESS,CUSTOMERS,n/a
120,109,3,+ADDRESS,CUSTOMERS_PQ,n/a
120,115,3,+ADDRESS,CUSTOMERS,n/a
120,115,3,+ADDRESS,CUSTOMERS_PQ,n/a
100017,0,1,+NAME+ADDRESS,REFERENCE,2131
100017,0,1,,REFERENCE,2132
100017,96,11,+REL_POINTER(DOMAIN:REFERENCE|MIN:|MAX:PRINCIPAL),REFERENCE,n/a
100017,96,11,+REL_POINTER(DOMAIN:REFERENCE|MIN:|MAX:PRINCIPAL),CUSTOMERS,n/a
100017,100021,3,+EMPLOYER,REFERENCE,n/a
100017,100021,3,+EMPLOYER,REFERENCE,n/a
100017,100015,3,+EMPLOYER,REFERENCE,n/a
100017,100015,3,+EMPLOYER,REFERENCE,n/a
100017,100006,3,+EMPLOYER,REFERENCE,n/a
100017,100006,3,+EMPLOYER,REFERENCE,n/a
100017,100003,3,+EMPLOYER,REFERENCE,n/a
100017,100003,3,+EMPLOYER,REFERENCE,n/a
200009,0,1,,WATCHLIST,1042
200009,0,1,+NAME+ADDRESS,WATCHLIST,1041
200009,0,1,+NAME+ADDRESS,WATCHLIST_PQ,1042
200009,0,1,+NAME+ADDRESS,WATCHLIST_PQ,1041
200009,300031,3,+SURNAME+ADDRESS,CUSTOMERS_PQ,n/a
200009,29,3,+SURNAME+ADDRESS,CUSTOMERS_PQ,n/a
200009,29,3,+SURNAME+ADDRESS,CUSTOMERS,n/a
200009,29,3,+SURNAME+ADDRESS,CUSTOMERS,n/a
200009,30,3,+SURNAME+ADDRESS,CUSTOMERS_PQ,n/a
200009,30,3,+SURNAME+ADDRESS,CUSTOMERS,n/a
200009,30,3,+SURNAME+ADDRESS,CUSTOMERS,n/a
200009,27,1,+NAME+ADDRESS (Ambiguous),CUSTOMERS_PQ,n/a
200009,27,1,+NAME+ADDRESS (Ambiguous),CUSTOMERS,n/a
200009,28,1,+NAME+ADDRESS (Ambiguous),CUSTOMERS_PQ,n/a
200009,28,1,+NAME+ADDRESS (Ambiguous),CUSTOMERS,n/a
200009,800003,2,+NAME,MY_TEAM_PQ,n/a
200009,800003,2,+NAME,MY_TEAM,n/a
200009,800003,2,+NAME,MY_TEAM_PQ,n/a
200009,800003,2,+NAME,MY_TEAM,n/a
200010,0,1,,WATCHLIST,1027
200010,0,1,+NAME+DOB,WATCHLIST_PQ,1027
200010,17,2,+NAME+DOB,CUSTOMERS,n/a
200010,17,2,+NAME+DOB,CUSTOMERS_PQ,n/a
100015,0,1,+NAME+PHONE,REFERENCE,2121
100015,0,1,,REFERENCE,2122
100015,100017,3,+EMPLOYER,REFERENCE,n/a
100015,100017,3,+EMPLOYER,REFERENCE,n/a
100015,96,11,+REL_POINTER(DOMAIN:REFERENCE|MIN:|MAX:PRINCIPAL),REFERENCE,n/a
100015,96,11,+REL_POINTER(DOMAIN:REFERENCE|MIN:|MAX:PRINCIPAL),CUSTOMERS,n/a
100015,100003,3,+EMPLOYER,REFERENCE,n/a
100015,100003,3,+EMPLOYER,REFERENCE,n/a
100015,100021,3,+EMPLOYER,REFERENCE,n/a
100015,100021,3,+EMPLOYER,REFERENCE,n/a
100015,100006,3,+EMPLOYER,REFERENCE,n/a
100015,100006,3,+EMPLOYER,REFERENCE,n/a
100021,0,1,,REFERENCE,2162
100021,0,1,+NAME+ADDRESS+EMAIL,REFERENCE,2161
100021,100003,3,+EMPLOYER,REFERENCE,n/a
100021,100003,3,+EMPLOYER,REFERENCE,n/a
100021,100017,3,+EMPLOYER,REFERENCE,n/a
100021,100017,3,+EMPLOYER,REFERENCE,n/a
100021,96,11,+REL_POINTER(DOMAIN:REFERENCE|MIN:|MAX:PRINCIPAL),REFERENCE,n/a
100021,96,11,+REL_POINTER(DOMAIN:REFERENCE|MIN:|MAX:PRINCIPAL),CUSTOMERS,n/a
100021,100015,3,+EMPLOYER,REFERENCE,n/a
100021,100015,3,+EMPLOYER,REFERENCE,n/a
100021,100006,3,+EMPLOYER,REFERENCE,n/a
100021,100006,3,+EMPLOYER,REFERENCE,n/a
100013,0,1,,REFERENCE,2051
100013,0,1,+NAME+ADDRESS+PHONE,WATCHLIST,2052
100013,0,1,+NAME+ADDRESS+PHONE,WATCHLIST_PQ,2052
100013,94,11,+REL_POINTER(DOMAIN:REFERENCE|MIN:|MAX:PRESIDENT),CUSTOMERS,n/a
100013,94,11,+REL_POINTER(DOMAIN:REFERENCE|MIN:|MAX:PRESIDENT),REFERENCE,n/a
100013,95,3,+EMPLOYER,CUSTOMERS,n/a
100013,95,3,+EMPLOYER,REFERENCE,n/a
100013,95,3,+EMPLOYER,WATCHLIST,n/a
100013,95,3,+EMPLOYER,CUSTOMERS_PQ,n/a
100013,95,3,+EMPLOYER,WATCHLIST_PQ,n/a
300031,0,1,,CUSTOMERS_PQ,1046
300031,0,1,,CUSTOMERS_PQ,1045
300031,200009,3,+SURNAME+ADDRESS,WATCHLIST_PQ,n/a
300031,200009,3,+SURNAME+ADDRESS,WATCHLIST,n/a
300031,200009,3,+SURNAME+ADDRESS,WATCHLIST,n/a
300031,29,1,+NAME+ADDRESS (Ambiguous),CUSTOMERS_PQ,n/a
300031,29,1,+NAME+ADDRESS (Ambiguous),CUSTOMERS,n/a
300031,29,1,+NAME+ADDRESS (Ambiguous),CUSTOMERS,n/a
300031,28,3,+SURNAME+ADDRESS,CUSTOMERS_PQ,n/a
300031,28,3,+SURNAME+ADDRESS,CUSTOMERS,n/a
300031,200004,2,+NAME,WATCHLIST_PQ,n/a
300031,200004,2,+NAME,WATCHLIST,n/a
300031,27,3,+SURNAME+ADDRESS,CUSTOMERS_PQ,n/a
300031,27,3,+SURNAME+ADDRESS,CUSTOMERS,n/a
300031,30,1,+NAME+ADDRESS (Ambiguous),CUSTOMERS_PQ,n/a
300031,30,1,+NAME+ADDRESS (Ambiguous),CUSTOMERS,n/a
300031,30,1,+NAME+ADDRESS (Ambiguous),CUSTOMERS,n/a
300009,0,1,,CUSTOMERS_PQ,1017
300009,3,2,+NAME,CUSTOMERS,n/a
300009,3,2,+NAME,CUSTOMERS,n/a
300009,3,2,+NAME,CUSTOMERS,n/a
300009,3,2,+NAME,CUSTOMERS,n/a
300009,3,2,+NAME,CUSTOMERS_PQ,n/a
300009,3,2,+NAME,CUSTOMERS_PQ,n/a
300009,3,2,+NAME,CUSTOMERS_PQ,n/a
300089,0,1,,CUSTOMERS_PQ,1103
300089,300090,2,+NAME,CUSTOMERS_PQ,n/a
300089,89,2,+NAME,CUSTOMERS,n/a
300089,89,2,+NAME,CUSTOMERS,n/a
200001,0,1,,WATCHLIST,1008
200001,0,1,+NAME+EMAIL,WATCHLIST_PQ,1008
200001,400002,2,+NAME,CUSTOMERS_PQ,n/a
200001,9,2,+NAME,WATCHLIST_PQ,n/a
200001,9,2,+NAME,WATCHLIST,n/a
200001,9,2,+NAME,CUSTOMERS,n/a
200001,800005,2,+NAME,MY_TEAM_PQ,n/a
200001,800005,2,+NAME,MY_TEAM,n/a
200001,1,2,+NAME,CUSTOMERS_PQ,n/a
200001,1,2,+NAME,CUSTOMERS_PQ,n/a
200001,1,2,+NAME,CUSTOMERS_PQ,n/a
200001,1,2,+NAME,CUSTOMERS_PQ,n/a
200001,1,2,+NAME,CUSTOMERS,n/a
200001,1,2,+NAME,CUSTOMERS,n/a
200001,1,2,+NAME,CUSTOMERS,n/a
200001,1,2,+NAME,CUSTOMERS,n/a
200012,0,1,,WATCHLIST,1029
200012,0,1,+NAME+ADDRESS,WATCHLIST_PQ,1029
200012,19,2,+NAME+ADDRESS-GENERATION,CUSTOMERS,n/a
200012,19,2,+NAME+ADDRESS-GENERATION,CUSTOMERS_PQ,n/a
300051,0,1,,CUSTOMERS_PQ,1066
300051,0,1,,CUSTOMERS_PQ,1065
300051,49,2,+NAME,CUSTOMERS,n/a
300051,49,2,+NAME,CUSTOMERS,n/a
300051,49,2,+NAME,CUSTOMERS,n/a
300051,49,2,+NAME,CUSTOMERS,n/a
300051,49,2,+NAME,CUSTOMERS,n/a
300051,49,2,+NAME,CUSTOMERS,n/a
300051,49,2,+NAME,CUSTOMERS_PQ,n/a
300051,49,2,+NAME,CUSTOMERS_PQ,n/a
300051,49,2,+NAME,CUSTOMERS_PQ,n/a
300051,49,2,+NAME,CUSTOMERS_PQ,n/a
300038,0,1,,CUSTOMERS_PQ,1052
300038,36,2,+NAME,CUSTOMERS,n/a
300038,36,2,+NAME,CUSTOMERS,n/a
300038,36,2,+NAME,CUSTOMERS,n/a
300038,36,2,+NAME,CUSTOMERS_PQ,n/a
300038,36,2,+NAME,CUSTOMERS_PQ,n/a
300090,0,1,,CUSTOMERS_PQ,1104
300090,300089,2,+NAME,CUSTOMERS_PQ,n/a
300090,89,2,+NAME,CUSTOMERS,n/a
300090,89,2,+NAME,CUSTOMERS,n/a
300092,0,1,,CUSTOMERS_PQ,2031
300092,91,2,+NAME,CUSTOMERS,n/a
300092,91,2,+NAME,CUSTOMERS,n/a
300092,91,2,+NAME,CUSTOMERS_PQ,n/a
300095,0,1,,CUSTOMERS_PQ,2042
300095,94,3,+ADDRESS,CUSTOMERS,n/a
300095,94,3,+ADDRESS,REFERENCE,n/a
400002,0,1,,CUSTOMERS_PQ,1005
400002,200001,2,+NAME,WATCHLIST_PQ,n/a
400002,200001,2,+NAME,WATCHLIST,n/a
400002,9,1,+NAME+ADDRESS (Ambiguous),WATCHLIST_PQ,n/a
400002,9,1,+NAME+ADDRESS (Ambiguous),WATCHLIST,n/a
400002,9,1,+NAME+ADDRESS (Ambiguous),CUSTOMERS,n/a
400002,800005,2,+NAME,MY_TEAM_PQ,n/a
400002,800005,2,+NAME,MY_TEAM,n/a
400002,1,1,+NAME+ADDRESS (Ambiguous),CUSTOMERS_PQ,n/a
400002,1,1,+NAME+ADDRESS (Ambiguous),CUSTOMERS_PQ,n/a
400002,1,1,+NAME+ADDRESS (Ambiguous),CUSTOMERS_PQ,n/a
400002,1,1,+NAME+ADDRESS (Ambiguous),CUSTOMERS_PQ,n/a
400002,1,1,+NAME+ADDRESS (Ambiguous),CUSTOMERS,n/a
400002,1,1,+NAME+ADDRESS (Ambiguous),CUSTOMERS,n/a
400002,1,1,+NAME+ADDRESS (Ambiguous),CUSTOMERS,n/a
400002,1,1,+NAME+ADDRESS (Ambiguous),CUSTOMERS,n/a
300099,0,1,,CUSTOMERS_PQ,2171
300099,101,2,+NAME,CUSTOMERS,n/a
300099,300100,2,+NAME,CUSTOMERS_PQ,n/a
300099,100,2,+NAME,CUSTOMERS,n/a
300098,0,1,,CUSTOMERS_PQ,2152
300098,99,3,+PHONE,CUSTOMERS,n/a
300098,99,3,+PHONE,REFERENCE,n/a
300097,0,1,,CUSTOMERS_PQ,2073
300097,97,3,+ADDRESS,CUSTOMERS,n/a
300097,97,3,+ADDRESS,REFERENCE,n/a
600001,0,1,,VENDORS_PQ,V003
600001,24,3,+PNAME+ADDRESS-DOB,CUSTOMERS,n/a
600001,24,3,+PNAME+ADDRESS-DOB,CUSTOMERS,n/a
600001,24,3,+PNAME+ADDRESS-DOB,CUSTOMERS,n/a
600001,24,3,+PNAME+ADDRESS-DOB,WATCHLIST,n/a
600001,24,3,+PNAME+ADDRESS-DOB,WATCHLIST,n/a
600001,24,3,+PNAME+ADDRESS-DOB,CUSTOMERS_PQ,n/a
600001,24,3,+PNAME+ADDRESS-DOB,CUSTOMERS_PQ,n/a
600001,24,3,+PNAME+ADDRESS-DOB,CUSTOMERS_PQ,n/a
600001,24,3,+PNAME+ADDRESS-DOB,WATCHLIST_PQ,n/a
600001,24,3,+PNAME+ADDRESS-DOB,WATCHLIST_PQ,n/a
600001,49,3,+ADDRESS-DOB,CUSTOMERS,n/a
600001,49,3,+ADDRESS-DOB,CUSTOMERS,n/a
600001,49,3,+ADDRESS-DOB,CUSTOMERS,n/a
600001,49,3,+ADDRESS-DOB,CUSTOMERS,n/a
600001,49,3,+ADDRESS-DOB,CUSTOMERS,n/a
600001,49,3,+ADDRESS-DOB,CUSTOMERS,n/a
600001,49,3,+ADDRESS-DOB,CUSTOMERS_PQ,n/a
600001,49,3,+ADDRESS-DOB,CUSTOMERS_PQ,n/a
600001,49,3,+ADDRESS-DOB,CUSTOMERS_PQ,n/a
600001,49,3,+ADDRESS-DOB,CUSTOMERS_PQ,n/a
600001,800005,3,+ADDRESS-DOB,MY_TEAM,n/a
600001,800005,3,+ADDRESS-DOB,MY_TEAM_PQ,n/a
300100,0,1,,CUSTOMERS_PQ,2172
300100,101,2,+NAME,CUSTOMERS,n/a
300100,100,2,+NAME,CUSTOMERS,n/a
300100,300099,2,+NAME,CUSTOMERS_PQ,n/a
800002,0,1,,MY_TEAM,E005
800002,0,1,+NAME+DOB+ADDRESS+PHONE+EMAIL+EMPLOYER,MY_TEAM_PQ,E005
300091,0,1,,CUSTOMERS_PQ,2142
300091,0,1,,CUSTOMERS_PQ,2011
600002,0,1,+NAME+ADDRESS+PHONE,VENDORS_PQ,V002
600002,0,1,,VENDORS_PQ,V001
800003,0,1,,MY_TEAM,E003
800003,0,1,+NAME+DOB+ADDRESS+PHONE+EMPLOYER,MY_TEAM,E004
800003,0,1,+NAME+DOB+ADDRESS+PHONE+EMAIL+EMPLOYER,MY_TEAM_PQ,E003
800003,0,1,+NAME+DOB+ADDRESS+PHONE+EMAIL+EMPLOYER,MY_TEAM_PQ,E004
800003,200009,2,+NAME,WATCHLIST,n/a
800003,200009,2,+NAME,WATCHLIST,n/a
800003,200009,2,+NAME,WATCHLIST_PQ,n/a
800001,0,1,+PNAME+DOB+ADDRESS+PHONE+EMPLOYER,MY_TEAM,E002
800001,0,1,,MY_TEAM,E001
800001,0,1,+NAME+DOB+ADDRESS+PHONE+EMAIL+EMPLOYER,MY_TEAM_PQ,E002
800001,0,1,+NAME+DOB+ADDRESS+PHONE+EMAIL+EMPLOYER,MY_TEAM_PQ,E001
800001,1000001,3,+EMPLOYER-DOB,MY_TEAM_PQ,n/a
800005,0,1,,MY_TEAM,E006
800005,0,1,+NAME+DOB+ADDRESS+PHONE+EMAIL+EMPLOYER,MY_TEAM_PQ,E006
800005,24,3,+ADDRESS-DOB,CUSTOMERS,n/a
800005,24,3,+ADDRESS-DOB,CUSTOMERS,n/a
800005,24,3,+ADDRESS-DOB,CUSTOMERS,n/a
800005,24,3,+ADDRESS-DOB,WATCHLIST,n/a
800005,24,3,+ADDRESS-DOB,WATCHLIST,n/a
800005,24,3,+ADDRESS-DOB,CUSTOMERS_PQ,n/a
800005,24,3,+ADDRESS-DOB,CUSTOMERS_PQ,n/a
800005,24,3,+ADDRESS-DOB,CUSTOMERS_PQ,n/a
800005,24,3,+ADDRESS-DOB,WATCHLIST_PQ,n/a
800005,24,3,+ADDRESS-DOB,WATCHLIST_PQ,n/a
800005,49,3,+ADDRESS-DOB,CUSTOMERS,n/a
800005,49,3,+ADDRESS-DOB,CUSTOMERS,n/a
800005,49,3,+ADDRESS-DOB,CUSTOMERS,n/a
800005,49,3,+ADDRESS-DOB,CUSTOMERS,n/a
800005,49,3,+ADDRESS-DOB,CUSTOMERS,n/a
800005,49,3,+ADDRESS-DOB,CUSTOMERS,n/a
800005,49,3,+ADDRESS-DOB,CUSTOMERS_PQ,n/a
800005,49,3,+ADDRESS-DOB,CUSTOMERS_PQ,n/a
800005,49,3,+ADDRESS-DOB,CUSTOMERS_PQ,n/a
800005,49,3,+ADDRESS-DOB,CUSTOMERS_PQ,n/a
800005,200001,2,+NAME,WATCHLIST,n/a
800005,200001,2,+NAME,WATCHLIST_PQ,n/a
800005,400002,2,+NAME,CUSTOMERS_PQ,n/a
800005,600001,3,+ADDRESS-DOB,VENDORS_PQ,n/a
500005,0,1,,WATCHLIST_PQ,1021
500005,8,3,+ADDRESS,CUSTOMERS_PQ,n/a
500005,8,3,+ADDRESS,CUSTOMERS,n/a
500005,7,3,+ADDRESS,CUSTOMERS_PQ,n/a
500005,7,3,+ADDRESS,WATCHLIST,n/a
500005,7,3,+ADDRESS,CUSTOMERS,n/a
500005,4,3,+ADDRESS,WATCHLIST_PQ,n/a
500005,4,3,+ADDRESS,WATCHLIST_PQ,n/a
500005,4,3,+ADDRESS,CUSTOMERS,n/a
500005,4,3,+ADDRESS,CUSTOMERS_PQ,n/a
500005,4,3,+ADDRESS,CUSTOMERS_PQ,n/a
500005,4,3,+ADDRESS,CUSTOMERS_PQ,n/a
500005,4,3,+ADDRESS,WATCHLIST,n/a
500005,4,3,+ADDRESS,WATCHLIST,n/a
500005,4,3,+ADDRESS,CUSTOMERS,n/a
500005,4,3,+ADDRESS,CUSTOMERS,n/a
500005,3,1,+ADDRESS+EMAIL (Ambiguous),CUSTOMERS_PQ,n/a
500005,3,1,+ADDRESS+EMAIL (Ambiguous),CUSTOMERS_PQ,n/a
500005,3,1,+ADDRESS+EMAIL (Ambiguous),CUSTOMERS_PQ,n/a
500005,3,1,+ADDRESS+EMAIL (Ambiguous),CUSTOMERS,n/a
500005,3,1,+ADDRESS+EMAIL (Ambiguous),CUSTOMERS,n/a
500005,3,1,+ADDRESS+EMAIL (Ambiguous),CUSTOMERS,n/a
500005,3,1,+ADDRESS+EMAIL (Ambiguous),CUSTOMERS,n/a
300096,0,1,,CUSTOMERS_PQ,2072
300096,96,3,+ADDRESS+PHONE,CUSTOMERS,n/a
300096,96,3,+ADDRESS+PHONE,REFERENCE,n/a
1000001,0,1,,MY_TEAM_PQ,E007
1000001,800001,3,+EMPLOYER-DOB,MY_TEAM,n/a
1000001,800001,3,+EMPLOYER-DOB,MY_TEAM,n/a
1000001,800001,3,+EMPLOYER-DOB,MY_TEAM_PQ,n/a
1000001,800001,3,+EMPLOYER-DOB,MY_TEAM_PQ,n/a
